Category (வகை),Product Name [English] (பொருள் பெயர் [ஆங்கிலம்]),Product Name [Tamil] (பொருள் பெயர் [தமிழ்]),Variant / Pack Size (அளவு),Price in INR (விலை ₹) *[REQUIRED]*,Discount Price in INR (தள்ளுபடி விலை ₹),Description [English] (விளக்கம் [ஆங்கிலம்]) *[REQUIRED]*,Description [Tamil] (விளக்கம் [தமிழ்]) *[REQUIRED]*,Is Organic? (இயற்கையானதா?) [YES / NO],Is Lab Tested? (ஆய்வக சோதனை செய்யப்பட்டதா?) [YES / NO],Stock Available [Quantity] (இருப்பு அளவு) *[REQUIRED]*,Tax / GST % (வரி %)
Oils,Wood Pressed Grountnut Oil,மரச்செக்கு கடலை எண்ணெய்,1L,,,,,YES,YES,100,5
Oils,Wood Pressed Grountnut Oil,மரச்செக்கு கடலை எண்ணெய்,500ML,,,,,YES,YES,100,5
Oils,Wood Pressed Seasame Oil,மரச்செக்கு நல்லெண்ணெய்,1L,,,,,YES,YES,100,5
Oils,Wood Pressed Seasame Oil,மரச்செக்கு நல்லெண்ணெய்,500ML,,,,,YES,YES,100,5
Oils,Wood Pressed Coconut Oil,மரச்செக்கு தேங்காய் எண்ணெய்,1L,,,,,YES,YES,100,5
Oils,Wood Pressed Coconut Oil,மரச்செக்கு தேங்காய் எண்ணெய்,500ML,,,,,YES,YES,100,5
Oils,Castor Oil,ஆமணக்கு எண்ணெய்,1L,,,,,YES,YES,100,5
Oils,Castor Oil,ஆமணக்கு எண்ணெய்,500ML,,,,,YES,YES,100,5
Noodles,Kodo Millet Noodles,வரகு நூடுல்ஸ்,PCS,,,,,YES,YES,100,5
Noodles,Little Millet Noodles,சாமை நூடுல்ஸ்,PCS,,,,,YES,YES,100,5
Noodles,Barnyard Millet Noodles,குதிரைவாலி நூடுல்ஸ்,PCS,,,,,YES,YES,100,5
Noodles,Foxtail Millet Noodles,தினை நூடுல்ஸ்,PCS,,,,,YES,YES,100,5
Noodles,Finger Millet Noodles,ராகி நூடுல்ஸ்,PCS,,,,,YES,YES,100,5
Noodles,Karupu Kavuni  Rice Noodles,கருப்பு கவுனி நூடுல்ஸ்,PCS,,,,,YES,YES,100,5
Vermicelli,Kodo Millet Vermicelli,வரகு சேமியா,PCS,,,,,YES,YES,100,5
Vermicelli,Little Millet Vermicelli,சாமை சேமியா,PCS,,,,,YES,YES,100,5
Vermicelli,Barnyard Millet Vermicelli,குதிரைவாலி சேமியா,PCS,,,,,YES,YES,100,5
Vermicelli,Foxtail Millet Vermicelli,திணை சேமியா,PCS,,,,,YES,YES,100,5
Vermicelli,Pearl Millet Vermicelli,கம்பு சேமியா,PCS,,,,,YES,YES,100,5
Sweetner,Sugarcane Jaggery Powder,நாட்டு சர்க்கரை,1KG,,,,,YES,YES,100,5
Sweetner,Sugarcane Jaggery Powder,நாட்டு சர்க்கரை,500GM,,,,,YES,YES,100,5
Sweetner,Sugarcane Jaggery Round,உருண்டை வெல்லம்,1KG,,,,,YES,YES,100,5
Sweetner,Sugarcane Jaggery Round,உருண்டை வெல்லம்,500GM,,,,,YES,YES,100,5
Sweetner,Palm Jaggery Round,பனங்கருப்பட்டி,1KG,,,,,YES,YES,100,5
Sweetner,Palm Jaggery Round,பனங்கருப்பட்டி,500GM,,,,,YES,YES,100,5
Sweetner,Palm Jaggery Round,பனங்கருப்பட்டி,250GM,,,,,YES,YES,100,5
Sweetner,Palm Jaggery Crystal,பனங்கற்கண்டு,1KG,,,,,YES,YES,100,5
Sweetner,Palm Jaggery Crystal,பனங்கற்கண்டு,500GM,,,,,YES,YES,100,5
Sweetner,Palm Jaggery Crystal,பனங்கற்கண்டு,250GM,,,,,YES,YES,100,5
Sweetner,Honey,தேன்,1KG,,,,,YES,YES,100,5
Sweetner,Honey,தேன்,500GM,,,,,YES,YES,100,5
Sweetner,Honey,தேன்,250GM,,,,,YES,YES,100,5
Sweetner,Himalayan Powder Salt,இந்துப்பு தூள்,1KG,,,,,YES,YES,100,5
Sweetner,Himalayan Powder Salt,இந்துப்பு தூள்,500GM,,,,,YES,YES,100,5
Sweetner,Himalayan Crystal Salt,இந்துப்பு கல்,1KG,,,,,YES,YES,100,5
Sweetner,Himalayan Crystal Salt,இந்துப்பு கல்,500GM,,,,,YES,YES,100,5
Millets,Kodo Millet Semi Polished,வரகு,1KG,,,,,YES,YES,100,5
Millets,Kodo Millet Semi Polished,வரகு,500GM,,,,,YES,YES,100,5
Millets,Little Millet Semi Polished,சாமை,1KG,,,,,YES,YES,100,5
Millets,Little Millet Semi Polished,சாமை,500GM,,,,,YES,YES,100,5
Millets,Barnyard Millet Semi Polished,குதிரைவாலி,1KG,,,,,YES,YES,100,5
Millets,Barnyard Millet Semi Polished,குதிரைவாலி,500GM,,,,,YES,YES,100,5
Millets,Foxtail Millet Semi Polished,திணை,1KG,,,,,YES,YES,100,5
Millets,Foxtail Millet Semi Polished,திணை,500GM,,,,,YES,YES,100,5
Millets,Browntop Millet Semi Polished,குல சாமை,1KG,,,,,YES,YES,100,5
Millets,Browntop Millet Semi Polished,குல சாமை,500GM,,,,,YES,YES,100,5
Millets,Native Pearl Millet,நாட்டு கம்பு,1KG,,,,,YES,YES,100,5
Millets,Native Pearl Millet,நாட்டு கம்பு,500GM,,,,,YES,YES,100,5
Millets,Native Finger Millet,நாட்டு ராகி,1KG,,,,,YES,YES,100,5
Millets,Native Finger Millet,நாட்டு ராகி,500GM,,,,,YES,YES,100,5
Millets,White Sorghum,வெள்ளை சோளம்,1KG,,,,,YES,YES,100,5
Millets,White Sorghum,வெள்ளை சோளம்,500GM,,,,,YES,YES,100,5
Traditional Rices,Thooyamalli Semi Polished Boiled,தூயமல்லி,1KG,,,,,YES,YES,100,5
Traditional Rices,Thooyamalli Semi Polished Boiled,தூயமல்லி,500GM,,,,,YES,YES,100,5
Traditional Rices,Thooyamalli Fully Polished Boiled,தூயமல்லி,1KG,,,,,YES,YES,100,5
Traditional Rices,Thooyamalli Fully Polished Boiled,தூயமல்லி,500GM,,,,,YES,YES,100,5
Traditional Rices,Athur Kichili Samba Semi Polished Boiled,ஆத்தூர் கிச்சிலி சம்பா,1KG,,,,,YES,YES,100,5
Traditional Rices,Athur Kichili Samba Semi Polished Boiled,ஆத்தூர் கிச்சிலி சம்பா,500GM,,,,,YES,YES,100,5
Traditional Rices,Thanga Samba Semi Polished Boiled,தங்க சம்பா,1KG,,,,,YES,YES,100,5
Traditional Rices,Thanga Samba Semi Polished Boiled,தங்க சம்பா,500GM,,,,,YES,YES,100,5
Traditional Rices,Seeraga Samba Fully Polished Boiled,சீரக சம்பா,1KG,,,,,YES,YES,100,5
Traditional Rices,Seeraga Samba Fully Polished Boiled,சீரக சம்பா,500GM,,,,,YES,YES,100,5
Traditional Rices,Karupu Kavuni Rice Boiled,கருப்பு கவுனி,1KG,,,,,YES,YES,100,5
Traditional Rices,Karupu Kavuni Rice Boiled,கருப்பு கவுனி,500GM,,,,,YES,YES,100,5
Traditional Rices,Mappillai Samba Rice Boiled,மாப்பிள்ளை சம்பா,1KG,,,,,YES,YES,100,5
Traditional Rices,Mappillai Samba Rice Boiled,மாப்பிள்ளை சம்பா,500GM,,,,,YES,YES,100,5
Traditional Rices,Kerala Matta Rice Boiled,கேரள மட்டை அரிசி,1KG,,,,,YES,YES,100,5
Traditional Rices,Kerala Matta Rice Boiled,கேரள மட்டை அரிசி,500GM,,,,,YES,YES,100,5
Traditional Rices,Kattuyanam Rice Boiled,காட்டுயானம்,1KG,,,,,YES,YES,100,5
Traditional Rices,Kattuyanam Rice Boiled,காட்டுயானம்,500GM,,,,,YES,YES,100,5
Traditional Rices,Rathasali Rice Boiled,இரத்தசாலி,1KG,,,,,YES,YES,100,5
Traditional Rices,Rathasali Rice Boiled,இரத்தசாலி,500GM,,,,,YES,YES,100,5
Traditional Rices,Poongar Rice Boiled,பூங்கார்,1KG,,,,,YES,YES,100,5
Traditional Rices,Poongar Rice Boiled,பூங்கார்,500GM,,,,,YES,YES,100,5
Traditional Rices,Ponmani Idly Rice Boiled,பொன்மணி இட்லி அரிசி,1KG,,,,,YES,YES,100,5
Traditional Rices,Ponmani Idly Rice Boiled,பொன்மணி இட்லி அரிசி,500GM,,,,,YES,YES,100,5
Flours,Wheat Flour,கோதுமை மாவு,1KG,,,,,YES,YES,100,5
Flours,Wheat Flour,கோதுமை மாவு,500GM,,,,,YES,YES,100,5
Flours,Finger Millet Flour,ராகி மாவு,1KG,,,,,YES,YES,100,5
Flours,Finger Millet Flour,ராகி மாவு,500GM,,,,,YES,YES,100,5
Flakes,Mappillai Samba Flakes,மாப்பிள்ளை சம்பா அவல்,1KG,,,,,YES,YES,100,5
Flakes,Mappillai Samba Flakes,மாப்பிள்ளை சம்பா அவல்,500GM,,,,,YES,YES,100,5
Flakes,Mappillai Samba Flakes,மாப்பிள்ளை சம்பா அவல்,250GM,,,,,YES,YES,100,5
Flakes,Wheat  Flakes,கோதுமை அவல்,1KG,,,,,YES,YES,100,5
Flakes,Wheat  Flakes,கோதுமை அவல்,500GM,,,,,YES,YES,100,5
Flakes,Wheat  Flakes,கோதுமை அவல்,250GM,,,,,YES,YES,100,5
Flakes,Finger Millet  Flakes,ராகி அவல்,1KG,,,,,YES,YES,100,5
Flakes,Finger Millet  Flakes,ராகி அவல்,500GM,,,,,YES,YES,100,5
Flakes,Finger Millet  Flakes,ராகி அவல்,250GM,,,,,YES,YES,100,5
Flakes,Pearl Millet   Flakes,கம்பு அவல்,1KG,,,,,YES,YES,100,5
Flakes,Pearl Millet   Flakes,கம்பு அவல்,500GM,,,,,YES,YES,100,5
Flakes,Pearl Millet   Flakes,கம்பு அவல்,250GM,,,,,YES,YES,100,5
Flakes,White Sorghum Flakes,சோளம் அவல்,1KG,,,,,YES,YES,100,5
Flakes,White Sorghum Flakes,சோளம் அவல்,500GM,,,,,YES,YES,100,5
Flakes,White Sorghum Flakes,சோளம் அவல்,250GM,,,,,YES,YES,100,5
Pulses,Native Sirumani Groundnut,சிறுமணி நாட்டு நிலக்கடலை,1KG,,,,,YES,YES,100,5
Pulses,Native Sirumani Groundnut,சிறுமணி நாட்டு நிலக்கடலை,500GM,,,,,YES,YES,100,5
Pulses,Native Sirumani Groundnut,சிறுமணி நாட்டு நிலக்கடலை,250GM,,,,,YES,YES,100,5
Pulses,Moth Gram,நரிப்பயறு,1KG,,,,,YES,YES,100,5
Pulses,Moth Gram,நரிப்பயறு,500GM,,,,,YES,YES,100,5
Pulses,Moth Gram,நரிப்பயறு,250GM,,,,,YES,YES,100,5
Pulses,Green Gram,பச்சை பயறு,1KG,,,,,YES,YES,100,5
Pulses,Green Gram,பச்சை பயறு,500GM,,,,,YES,YES,100,5
Pulses,Green Gram,பச்சை பயறு,250GM,,,,,YES,YES,100,5
Pulses,White Horse Gram,வெள்ளை கொள்ளு பயறு,1KG,,,,,YES,YES,100,5
Pulses,White Horse Gram,வெள்ளை கொள்ளு பயறு,500GM,,,,,YES,YES,100,5
Pulses,White Horse Gram,வெள்ளை கொள்ளு பயறு,250GM,,,,,YES,YES,100,5
Pulses,Black Horse Gram,கருப்பு கொள்ளு பயறு,1KG,,,,,YES,YES,100,5
Pulses,Black Horse Gram,கருப்பு கொள்ளு பயறு,500GM,,,,,YES,YES,100,5
Pulses,Black Horse Gram,கருப்பு கொள்ளு பயறு,250GM,,,,,YES,YES,100,5
Pulses,White Urad Dal,வெள்ளை உளுந்து பருப்பு,1KG,,,,,YES,YES,100,5
Pulses,White Urad Dal,வெள்ளை உளுந்து பருப்பு,500GM,,,,,YES,YES,100,5
Pulses,White Urad Dal,வெள்ளை உளுந்து பருப்பு,250GM,,,,,YES,YES,100,5
Pulses,Black Urad Dal,கருப்பு உளுந்து  பருப்பு,1KG,,,,,YES,YES,100,5
Pulses,Black Urad Dal,கருப்பு உளுந்து  பருப்பு,500GM,,,,,YES,YES,100,5
Pulses,Black Urad Dal,கருப்பு உளுந்து  பருப்பு,250GM,,,,,YES,YES,100,5
Pulses,Toor Dal,துவரம் பருப்பு,1KG,,,,,YES,YES,100,5
Pulses,Toor Dal,துவரம் பருப்பு,500GM,,,,,YES,YES,100,5
Pulses,Toor Dal,துவரம் பருப்பு,250GM,,,,,YES,YES,100,5
Pulses,Mud-Packed Toor Dal,மண்கட்டிய துவரம் பருப்பு,1KG,,,,,YES,YES,100,5
Pulses,Mud-Packed Toor Dal,மண்கட்டிய துவரம் பருப்பு,500GM,,,,,YES,YES,100,5
Pulses,Mud-Packed Toor Dal,மண்கட்டிய துவரம் பருப்பு,250GM,,,,,YES,YES,100,5
Pulses,Moong Dal,பாசிப்பருப்பு,1KG,,,,,YES,YES,100,5
Pulses,Moong Dal,பாசிப்பருப்பு,500GM,,,,,YES,YES,100,5
Pulses,Moong Dal,பாசிப்பருப்பு,250GM,,,,,YES,YES,100,5
Snacks,Baloon Vine Biscuits,முடக்கத்தான் பிஸ்கட்,BOX,,,,,YES,YES,100,5
Snacks,Aavarampoo Biscuits,ஆவாரம்பூ பிஸ்கட்,BOX,,,,,YES,YES,100,5
Snacks,Hibiscus Biscuits,செம்பருத்தி பிஸ்கட்,BOX,,,,,YES,YES,100,5
Snacks,Thuthuvalai Biscuits,தூதுவளை பிஸ்கட்,BOX,,,,,YES,YES,100,5
Snacks,Pirandai Biscuits,பிரண்டை பிஸ்கட்,BOX,,,,,YES,YES,100,5
Snacks,Pearl Millet Biscuits,கம்பு பிஸ்கட்,BOX,,,,,YES,YES,100,5
Snacks,Sorghum Millet Biscuits,சோளம் பிஸ்கட்,BOX,,,,,YES,YES,100,5
Snacks,Finger Millet Biscuits,ராகி பிஸ்கட்,BOX,,,,,YES,YES,100,5
Snacks,Multi Grain Biscuits,நவதானிய பிஸ்கட்,BOX,,,,,YES,YES,100,5
Snacks,Black Kavuni Rice Biscuits,கருப்பு கவுனி பிஸ்கட்,BOX,,,,,YES,YES,100,5
Snacks,Koda Millet Biscuits,வரகு பிஸ்கட்,BOX,,,,,YES,YES,100,5
Snacks,Foxtail Millet Biscuits,தினை பிஸ்கட்,BOX,,,,,YES,YES,100,5
Snacks,Little Millet Biscuits,சாமை பிஸ்கட்,BOX,,,,,YES,YES,100,5
Snacks,Barnyard Millet Biscuits,குதிரைவாலி பிஸ்கட்,BOX,,,,,YES,YES,100,5
Snacks,Groundnut Balls,நிலக்கடலை உருண்டை,1KG,,,,,YES,YES,100,5
Snacks,Groundnut Balls,நிலக்கடலை உருண்டை,500GM,,,,,YES,YES,100,5
Snacks,Groundnut Balls,நிலக்கடலை உருண்டை,250GM,,,,,YES,YES,100,5
Snacks,Sesame Balls,எள்ளு உருண்டை,1KG,,,,,YES,YES,100,5
Snacks,Sesame Balls,எள்ளு உருண்டை,500GM,,,,,YES,YES,100,5
Snacks,Sesame Balls,எள்ளு உருண்டை,250GM,,,,,YES,YES,100,5
Snacks,Groundnut Chikki,கடலை மிட்டாய்,1KG,,,,,YES,YES,100,5
Snacks,Groundnut Chikki,கடலை மிட்டாய்,500GM,,,,,YES,YES,100,5
Snacks,Groundnut Chikki,கடலை மிட்டாய்,250GM,,,,,YES,YES,100,5
Snacks,Black Sesame Chikki,எள்ளு மிட்டாய்,1KG,,,,,YES,YES,100,5
Snacks,Black Sesame Chikki,எள்ளு மிட்டாய்,500GM,,,,,YES,YES,100,5
Snacks,Black Sesame Chikki,எள்ளு மிட்டாய்,250GM,,,,,YES,YES,100,5
Snacks,Groundnut Coco Mittai,கோகோ மிட்டாய்,1KG,,,,,YES,YES,100,5
Snacks,Groundnut Coco Mittai,கோகோ மிட்டாய்,500GM,,,,,YES,YES,100,5
Snacks,Groundnut Coco Mittai,கோகோ மிட்டாய்,250GM,,,,,YES,YES,100,5
Snacks,Millet Sweet Chikki,சிறுதானிய மிட்டாய்,1KG,,,,,YES,YES,100,5
Snacks,Millet Sweet Chikki,சிறுதானிய மிட்டாய்,500GM,,,,,YES,YES,100,5
Snacks,Millet Sweet Chikki,சிறுதானிய மிட்டாய்,250GM,,,,,YES,YES,100,5
Snacks,Fried Rice Balls,பொரி உருண்டை,1KG,,,,,YES,YES,100,5
Snacks,Fried Rice Balls,பொரி உருண்டை,500GM,,,,,YES,YES,100,5
Snacks,Fried Rice Balls,பொரி உருண்டை,250GM,,,,,YES,YES,100,5
Snacks,Ginger Candy,இஞ்சி மரப்பா,1KG,,,,,YES,YES,100,5
Snacks,Ginger Candy,இஞ்சி மரப்பா,500GM,,,,,YES,YES,100,5
Snacks,Ginger Candy,இஞ்சி மரப்பா,250GM,,,,,YES,YES,100,5
Snacks,Coconut Burfi,தேங்காய் பர்பி,1KG,,,,,YES,YES,100,5
Snacks,Coconut Burfi,தேங்காய் பர்பி,500GM,,,,,YES,YES,100,5
Snacks,Coconut Burfi,தேங்காய் பர்பி,250GM,,,,,YES,YES,100,5
Snacks,Sesame Seedai,எள்ளு சீடை,1KG,,,,,YES,YES,100,5
Snacks,Sesame Seedai,எள்ளு சீடை,500GM,,,,,YES,YES,100,5
Snacks,Sesame Seedai,எள்ளு சீடை,250GM,,,,,YES,YES,100,5
Snacks,Achu Murukku,அச்சு முறுக்கு,1KG,,,,,YES,YES,100,5
Snacks,Achu Murukku,அச்சு முறுக்கு,500GM,,,,,YES,YES,100,5
Snacks,Achu Murukku,அச்சு முறுக்கு,250GM,,,,,YES,YES,100,5
Snacks,Fried Native Sirumani Groundnut,வறுத்த சிறுமணி நாட்டு நிலக்கடலை,1KG,,,,,YES,YES,100,5
Snacks,Fried Native Sirumani Groundnut,வறுத்த சிறுமணி நாட்டு நிலக்கடலை,500GM,,,,,YES,YES,100,5
Snacks,Fried Native Sirumani Groundnut,வறுத்த சிறுமணி நாட்டு நிலக்கடலை,250GM,,,,,YES,YES,100,5
